Game,Retweet Count,Likes Count,Tweet,SoV_Tweet,SoV_Likes,SoV_RTs
@AxieInfinity,28526,12557,4489,86.71045007,83.59073359,72.72217407
@themachinesgame,1515,851,236,4.558624686,5.665024631,3.862234232
@BattleBears,342,430,177,3.418968515,2.86246838,0.871870698
@axieDoLL,662,238,75,1.448715472,1.584342964,1.687656146
@AxieChampions,3453,701,74,1.429399266,4.666489149,8.802834854
@bowleddotio,4523,152,72,1.390766853,1.011849288,11.53061745
@MechInfinity,106,16,29,0.560169983,0.106510451,0.27022893
@TribestersWorld,99,77,25,0.482905157,0.512581547,0.252383623
