Game,View Count,Like Count,Comment Count,Subscriber Count,SoV_Views,SoV_Likes,SoV_Comments,SoV_Subscriber
Axie Infinity,62756,2571,897,1181372,97.423,98.88462,97.92576,98.83849
The Machines Arena,1614,20,18,12898,2.505589,0.769231,1.965066,1.0791
Battle Bears,46,9,1,985,0.071411,0.346154,0.10917,0.082409
