Game,View Count,Like Count,Comment Count,Subscriber Count,SoV_Views,SoV_Likes,SoV_Comments,SoV_Subscriber
Axie Infinity,46995,2288,685,702768,95.77915,95.69218,99.27536,83.09013
Pixels Online,1699,85,3,141400,3.462683,3.554998,0.434783,16.7181
Battle Bears,367,17,2,1492,0.747972,0.711,0.289855,0.176403
The Machines Arena,5,1,0,130,0.01019,0.041824,0,0.01537
