Game,Retweet Count,Likes Count,Tweet,SoV_Tweet,SoV_Likes,SoV_RTs
@AxieInfinity,33224,12798,5087,88.5774,90.6952,76.01354
@themachinesgame,2005,429,233,4.057113,3.040181,4.587261
@BattleBears,564,440,191,3.325788,3.118135,1.290382
@bowleddotio,3752,137,85,1.480063,0.970874,8.584241
@axieDoLL,681,45,56,0.9751,0.3189,1.558067
@MechInfinity,139,100,37,0.644263,0.708667,0.31802
@AxieChampions,3241,148,33,0.574613,1.048827,7.415119
@TribestersWorld,102,14,21,0.365663,0.099213,0.233367
