Game,View Count,Like Count,Comment Count,Subscriber Count,SoV_Views,SoV_Likes,SoV_Comments,SoV_Subscriber
Axie Infinity,28368,1519,412,497330,99.67674,99.34597776,98.32935561,99.54364404
Battle Bears,92,10,7,2280,0.323260717,0.654022237,1.670644391,0.456355958
