Game,Retweet Count,Likes Count,Tweet,SoV_Tweet,SoV_Likes,SoV_RTs
@AxieInfinity,26980,13186,4471,92.79784,94.13192,74.1963
@bowleddotio,4390,39,78,1.618929,0.278412,12.07271
@themachinesgame,1106,113,75,1.556663,0.806682,3.041553
@BattleBears,215,212,72,1.494396,1.513421,0.59126
@TribestersWorld,79,206,57,1.183064,1.470588,0.217254
@axieDoLL,442,1,24,0.498132,0.007139,1.215521
@AxieChampions,3069,201,22,0.456621,1.434894,8.439898
@MechInfinity,82,50,19,0.394355,0.356939,0.225504
