Game,View Count,Like Count,Comment Count,Subscriber Count,SoV_Views,SoV_Likes,SoV_Comments,SoV_Subscriber
Axie Infinity,27904,1315,307,646730,98.48586,97.26331,99.35275,93.33697
The Machines Arena,243,21,0,4240,0.857657,1.553254,0,0.611923
Battle Bears,186,16,2,41928,0.656478,1.183432,0.647249,6.051107
