Game,Retweet Count,Likes Count,Tweet,SoV_Tweet,SoV_Likes,SoV_RTs
@AxieInfinity,31084,7726,4356,90.61785,87.75557,77.92625
@themachinesgame,1931,152,122,2.537965,1.726488,4.840934
@TribestersWorld,2684,154,80,1.66424,1.749205,6.728672
@AxieChampions,284,426,78,1.622634,4.83871,0.711976
@bowleddotio,1140,134,78,1.622634,1.522035,2.857931
@BattleBears,2635,103,66,1.372998,1.169923,6.605831
@axieDoLL,130,109,26,0.540878,1.238074,0.325904
@MechInfinity,1,0,1,0.020803,0,0.002507
