Game,View Count,Like Count,Comment Count,Subscriber Count,SoV_Views,SoV_Likes,SoV_Comments,SoV_Subscriber
Axie Infinity,22800,1036,357,313351,80.93142127,78.12971342,59.40099834,76.84051261
Pixels Online,5372,290,244,94443,19.06857873,21.87028658,40.59900166,23.15948739
