Game,Retweet Count,Likes Count,Tweet,SoV_Tweet,SoV_Likes,SoV_RTs
@AxieInfinity,32400,16180,5453,65.67506,70.74461,64.49173
@BattleBears,3559,4211,1169,14.07925,18.41196,7.084138
@bowleddotio,5277,454,1004,12.09201,1.985047,10.50379
@themachinesgame,4213,1023,353,4.251475,4.472913,8.385915
@axieDoLL,785,822,189,2.276286,3.594071,1.562531
@TribestersWorld,167,33,48,0.578104,0.144288,0.332411
@MechInfinity,622,43,46,0.554017,0.188011,1.238082
@AxieChampions,3216,105,41,0.493797,0.459097,6.401401