Game,View Count,Like Count,Comment Count,Subscriber Count,SoV_Views,SoV_Likes,SoV_Comments,SoV_Subscriber
Axie Infinity,69253,3044,1109,914494,98.1936,99.25008,99.01786,99.01
Battle Bears,1213,12,3,491,1.719909,0.391262,0.267857,0.053159
The Machines Arena,61,11,8,8653,0.086492,0.358657,0.714286,0.936839
