Game,View Count,Like Count,Comment Count,Subscriber Count,SoV_Views,SoV_Likes,SoV_Comments,SoV_Subscriber
Axie Infinity,68826,2898,840,969153,97.53284,94.79882,95.13024,98.83094
The Machines Arena,1689,155,42,11034,2.39347,5.07033,4.756512,1.12521
Battle Bears,52,4,1,430,0.073689,0.130847,0.11325,0.04385