Game,View Count,Like Count,Comment Count,Subscriber Count,SoV_Views,SoV_Likes,SoV_Comments,SoV_Subscriber
Axie Infinity,46611,2155,613,634275,96.18448,93.24968,97.92332,96.05585
The Machines Arena,1792,154,7,26008,3.697895,6.663782,1.118211,3.938702
Battle Bears,57,2,6,36,0.117623,0.086543,0.958466,0.005452
