Game,View Count,Like Count,Comment Count,Subscriber Count,SoV_Views,SoV_Likes,SoV_Comments,SoV_Subscriber
Axie Infinity,569552,39312,1950,1744478,99.61853,99.91105,98.83426,97.3493
The Machines Arena,1980,13,1,6200,0.346316,0.033039,0.050684,0.345986
Battle Bears,201,22,22,41300,0.035156,0.055913,1.115053,2.304716
