Game,View Count,Like Count,Comment Count,Subscriber Count,SoV_Views,SoV_Likes,SoV_Comments,SoV_Subscriber
Ronin Games,70567,3057,883,980617,40.90528,29.5112,40.36521,33.48229
Illuvium,61378,4632,599,993931,36.47872,47.16904,28.78424,34.33832
Splinterlands,11342,760,244,88320,6.740879,7.739308,11.72513,3.051279
Walken_io,5668,218,43,78111,3.368656,2.219959,2.066314,2.698578
Deadrop,4832,167,55,104854,2.871797,1.700611,2.64296,3.622495
The Sandbox,4777,275,93,430239,2.839109,2.800407,4.469005,14.86389
Decentraland,4706,411,79,156381,2.796912,4.185336,3.796252,5.40265
GodsUnchained,2859,122,59,15302,1.699186,1.242363,2.835175,0.528653
Other,1.295637,1.295637,1.295637,1.295637,1.295637,1.295637,1.295637,1.295637