Game,Retweet Count,Likes Count,Tweet,SoV_Tweet,SoV_Likes,SoV_RTs
@AxieInfinity,23843,6238,3622,84.48799,86.50673,64.98147
@themachinesgame,2093,326,194,4.525309,4.520871,5.704241
@BattleBears,2645,236,191,4.45533,3.272778,7.208656
@AxieChampions,4230,266,121,2.822487,3.688809,11.5284
@TribestersWorld,2713,39,90,2.09937,0.54084,7.393982
@bowleddotio,1020,36,43,1.003032,0.499237,2.779898
@axieDoLL,148,70,26,0.606485,0.970739,0.403358
