Game,Retweet Count,Likes Count,Tweet,SoV_Tweet,SoV_Likes,SoV_RTs
@AxieInfinity,,,4875,90.61785,87.75557,77.92625
@bowleddotio,,,90,2.537965,1.726488,4.840934
@BattleBears,,,64,1.66424,1.749205,6.728672
@AxieChampions,,,41,1.622634,4.83871,0.711976
@themachinesgame,,,37,1.622634,1.522035,2.857931
@TribestersWorld,,,15,1.372998,1.169923,6.605831
@axieDoLL,,,11,0.540878,1.238074,0.325904
@MechInfinity,,,2,0.020803,0,0.002507
