Game,Retweet Count,Likes Count,Tweet,SoV_Tweet,SoV_Likes,SoV_RTs
@AxieInfinity,32951,14824,5130,85.61415,86.12096,78.47905
@themachinesgame,2624,1309,400,6.675567,7.604717,6.249553
@BattleBears,667,680,220,3.671562,3.950503,1.588587
@bowleddotio,4643,46,85,1.418558,0.26724,11.05818
@MechInfinity,264,159,56,0.934579,0.92372,0.628766
@axieDoLL,583,106,53,0.884513,0.615814,1.388525
@TribestersWorld,136,89,44,0.734312,0.517051,0.32391
@AxieChampions,119,0,4,0.066756,0,0.283421