Game,View Count,Like Count,Comment Count,Subscriber Count,SoV_Views,SoV_Likes,SoV_Comments,SoV_Subscriber
Axie Infinity,98712,3995,1129,1136645,98.78906,98.44751,99.12204,91.37407
The Machines Arena,1176,59,8,106220,1.176918,1.453918,0.702371,8.538949
Battle Bears,34,4,2,1082,0.034027,0.098571,0.175593,0.086981
