Game,View Count,Like Count,Comment Count,Subscriber Count,SoV_Views,SoV_Likes,SoV_Comments,SoV_Subscriber
Axie Infinity,65830,3535,1158,854505,85.94892,87.82609,89.28296,72.24871
Pixels Online,10511,476,134,285508,13.72337,11.82609,10.33153,24.13981
Battle Bears,244,13,5,41612,0.318571,0.322981,0.385505,3.51831
The Machines Arena,7,1,0,1102,0.009139,0.024845,0,0.093175
