Game,Retweet Count,Likes Count,Tweet,SoV_Tweet,SoV_Likes,SoV_RTs
@AxieInfinity,30317,16759,4699,84.5448,83.95872,79.21457
@themachinesgame,2882,2349,524,9.427852,11.76795,7.530309
@BattleBears,356,458,147,2.644836,2.294474,0.930184
@axieDoLL,625,301,106,1.907161,1.50794,1.633048
@bowleddotio,899,16,40,0.719683,0.080156,2.348976
@MechInfinity,104,7,15,0.269881,0.035068,0.271739
@TribestersWorld,94,63,15,0.269881,0.315615,0.24561
@AxieChampions,2995,8,12,0.215905,0.040078,7.825564
