Game,View Count,Like Count,Comment Count,Subscriber Count,SoV_Views,SoV_Likes,SoV_Comments,SoV_Subscriber
Axie Infinity,88385,4238,1162,2001517,99.15747,98.74185,99.23143,98.8947
Battle Bears,552,43,9,20580,0.619278,1.001864,0.768574,1.016855
The Machines Arena,199,11,0,1790,0.223254,0.256291,0,0.088444