Game,Retweet Count,Likes Count,Tweet,SoV_Tweet,SoV_Likes,SoV_RTs
@AxieInfinity,26474,19407,5960,90.50873,92.50679,78.83859
@BattleBears,473,547,262,3.97874,2.607369,1.408577
@themachinesgame,1787,540,201,3.052392,2.574003,5.32162
@axieDoLL,434,353,101,1.533789,1.682635,1.292436
@TribestersWorld,35,44,25,0.379651,0.209734,0.104229
@bowleddotio,4296,11,20,0.303721,0.052433,12.79333
@AxieChampions,23,77,9,0.136674,0.367034,0.068493
@MechInfinity,58,0,7,0.106302,0,0.172722
