Game,Retweet Count,Likes Count,Tweet,SoV_Tweet,SoV_Likes,SoV_RTs
@AxieInfinity,31338,14751,4748,89.06397,90.51915,74.76381
@BattleBears,549,471,192,3.601576,2.89028,1.309762
@themachinesgame,1896,509,173,3.24517,3.123466,4.523332
@bowleddotio,4340,31,65,1.219283,0.190231,10.35404
@TribestersWorld,84,165,58,1.087976,1.012518,0.200401
@MechInfinity,107,157,39,0.73157,0.963427,0.255272
@axieDoLL,532,128,39,0.73157,0.785469,1.269205
@AxieChampions,3070,84,17,0.31889,0.515464,7.324172
