Game,View Count,Like Count,Comment Count,Subscriber Count,SoV_Views,SoV_Likes,SoV_Comments,SoV_Subscriber
Axie Infinity,92508,4952,1329,1256392,99.28841,99.35795,97.36264,99.35408
The Machines Arena,563,22,24,8087,0.604265,0.441413,1.758242,0.639511
Battle Bears,100,10,12,81,0.10733,0.200642,0.879121,0.006405
