Game,View Count,Like Count,Comment Count,Subscriber Count,SoV_Views,SoV_Likes,SoV_Comments,SoV_Subscriber
Axie Infinity,92119,2856,964,1061916,88.40425,84.39716,74.90287,81.33062
Pixels Online,12063,526,323,243203,11.57655,15.54374,25.09713,18.62657
Battle Bears,20,2,0,551,0.019193,0.059102,0,0.0422
The Machines Arena,0,0,0,8,0,0,0,0.000613
