Game,View Count,Like Count,Comment Count,Subscriber Count,SoV_Views,SoV_Likes,SoV_Comments,SoV_Subscriber
Axie Infinity,53528,2036,666,1214984,89.64813,85.15266,80.04808,66.43897
Pixels Online,5820,316,104,576173,9.747274,13.21623,12.5,31.50687
The Machines Arena,359,39,62,37531,0.601249,1.631117,7.451923,2.052308
Battle Bears,2,0,0,34,0.00335,0,0,0.001859
