Game,View Count,Like Count,Comment Count,Subscriber Count,SoV_Views,SoV_Likes,SoV_Comments,SoV_Subscriber
Axie Infinity,54805,2528,694,802224,82.30215,83.40482,92.90495,52.73865
Pixels Online,11781,501,53,718269,17.69185,16.5292,7.095047,47.2194
Battle Bears,4,2,0,638,0.006007,0.065985,0,0.041942
